{
  "Azul": 0.26999999999999996,
  "Amarilla": 1.3499999999999999,
  "Blanca": 0.18000000000000002,
  "Negra": 0.054,
  "Roja": 0.432
}